nama_upt,jenis_upt,provinsi,kanwil,latitude,longitude,coordinate_quality,aktif,catatan_verifikasi
Lapas Kelas IIA Banda Aceh,Lapas,Aceh,,,,,True,Provinsi bersumber dari daftar lama; verifikasi sebelum penggunaan resmi.
Lapas Kelas IIA Lhok Seumawe,Lapas,Aceh,,,,,True,Provinsi bersumber dari daftar lama; verifikasi sebelum penggunaan resmi.
Lapas Kelas IIB Bireun,Lapas,Aceh,,,,,True,Provinsi bersumber dari daftar lama; verifikasi sebelum penggunaan resmi.
Lapas Kelas IIB Blangkejeren,Lapas,Aceh,,,,,True,Provinsi bersumber dari daftar lama; verifikasi sebelum penggunaan resmi.
Lapas Kelas IIB Blangpidie,Lapas,Aceh,,,,,True,Provinsi bersumber dari daftar lama; verifikasi sebelum penggunaan resmi.
Lapas Kelas IIB Idi,Lapas,Aceh,,,,,True,Provinsi bersumber dari daftar lama; verifikasi sebelum penggunaan resmi.
Lapas Kelas IIB Kota Bakti,Lapas,Aceh,,,,,True,Provinsi bersumber dari daftar lama; verifikasi sebelum penggunaan resmi.
Lapas Kelas IIB Kuala Simpang,Lapas,Aceh,,,,,True,Provinsi bersumber dari daftar lama; verifikasi sebelum penggunaan resmi.
Lapas Kelas IIB Kutacane,Lapas,Aceh,,,,,True,Provinsi bersumber dari daftar lama; verifikasi sebelum penggunaan resmi.
Lapas Kelas IIB Langsa,Lapas,Aceh,,,,,True,Provinsi bersumber dari daftar lama; verifikasi sebelum penggunaan resmi.
Lapas Kelas IIB Lhoksukon,Lapas,Aceh,,,,,True,Provinsi bersumber dari daftar lama; verifikasi sebelum penggunaan resmi.
Lapas Kelas IIB Meulaboh,Lapas,Aceh,,,,,True,Provinsi bersumber dari daftar lama; verifikasi sebelum penggunaan resmi.
Lapas Kelas III Calang,Lapas,Aceh,,,,,True,Provinsi bersumber dari daftar lama; verifikasi sebelum penggunaan resmi.
Lapas Kelas III Lhok Nga,Lapas,Aceh,,,,,True,Provinsi bersumber dari daftar lama; verifikasi sebelum penggunaan resmi.
Lapas Kelas III Sinabang,Lapas,Aceh,,,,,True,Provinsi bersumber dari daftar lama; verifikasi sebelum penggunaan resmi.
Lapas Narkotika Kelas IIB Langsa,Lapas,Aceh,,,,,True,Provinsi bersumber dari daftar lama; verifikasi sebelum penggunaan resmi.
Lapas Perempuan Kelas IIB Sigli,Lapas,Aceh,,,,,True,Provinsi bersumber dari daftar lama; verifikasi sebelum penggunaan resmi.
Rutan Kelas IIB Banda Aceh,Rutan,Aceh,,,,,True,Provinsi bersumber dari daftar lama; verifikasi sebelum penggunaan resmi.
Rutan Kelas IIB Bener Meriah,Rutan,Aceh,,,,,True,Provinsi bersumber dari daftar lama; verifikasi sebelum penggunaan resmi.
Rutan Kelas IIB Jantho,Rutan,Aceh,,,,,True,Provinsi bersumber dari daftar lama; verifikasi sebelum penggunaan resmi.
Rutan Kelas IIB Sabang,Rutan,Aceh,,,,,True,Provinsi bersumber dari daftar lama; verifikasi sebelum penggunaan resmi.
Rutan Kelas IIB Sigli,Rutan,Aceh,,,,,True,Provinsi bersumber dari daftar lama; verifikasi sebelum penggunaan resmi.
Rutan Kelas IIB Singkel,Rutan,Aceh,,,,,True,Provinsi bersumber dari daftar lama; verifikasi sebelum penggunaan resmi.
Rutan Kelas IIB Takengon,Rutan,Aceh,,,,,True,Provinsi bersumber dari daftar lama; verifikasi sebelum penggunaan resmi.
Rutan Kelas IIB Tapaktuan,Rutan,Aceh,,,,,True,Provinsi bersumber dari daftar lama; verifikasi sebelum penggunaan resmi.
Lapas Kelas IIA Kerobokan,Lapas,Bali,,,,,True,Provinsi bersumber dari daftar lama; verifikasi sebelum penggunaan resmi.
Lapas Kelas IIB Karangasem,Lapas,Bali,,,,,True,Provinsi bersumber dari daftar lama; verifikasi sebelum penggunaan resmi.
Lapas Kelas IIB Singaraja,Lapas,Bali,,,,,True,Provinsi bersumber dari daftar lama; verifikasi sebelum penggunaan resmi.
Lapas Kelas IIB Tabanan,Lapas,Bali,,,,,True,Provinsi bersumber dari daftar lama; verifikasi sebelum penggunaan resmi.
Lapas Narkotika Kelas IIA Bangli,Lapas,Bali,,,,,True,Provinsi bersumber dari daftar lama; verifikasi sebelum penggunaan resmi.
Lapas Perempuan Kelas IIA Denpasar,Lapas,Bali,,,,,True,Provinsi bersumber dari daftar lama; verifikasi sebelum penggunaan resmi.
Rutan Kelas IIB Bangli,Rutan,Bali,,,,,True,Provinsi bersumber dari daftar lama; verifikasi sebelum penggunaan resmi.
Rutan Kelas IIB Gianyar,Rutan,Bali,,,,,True,Provinsi bersumber dari daftar lama; verifikasi sebelum penggunaan resmi.
Rutan Kelas IIB Klungkung,Rutan,Bali,,,,,True,Provinsi bersumber dari daftar lama; verifikasi sebelum penggunaan resmi.
Rutan Kelas IIB Negara,Rutan,Bali,,,,,True,Provinsi bersumber dari daftar lama; verifikasi sebelum penggunaan resmi.
Lapas Kelas IIA Pangkal Pinang,Lapas,Bangka Belitung,,,,,True,Provinsi bersumber dari daftar lama; verifikasi sebelum penggunaan resmi.
Lapas Kelas IIB Sungai Liat,Lapas,Bangka Belitung,,,,,True,Provinsi bersumber dari daftar lama; verifikasi sebelum penggunaan resmi.
Lapas Kelas IIB Tanjung Pandan,Lapas,Bangka Belitung,,,,,True,Provinsi bersumber dari daftar lama; verifikasi sebelum penggunaan resmi.
Lapas Narkotika Kelas IIA Pangkal Pinang,Lapas,Bangka Belitung,,,,,True,Provinsi bersumber dari daftar lama; verifikasi sebelum penggunaan resmi.
Lapas Perempuan Kelas III Pangkalpinang,Lapas,Bangka Belitung,,,,,True,Provinsi bersumber dari daftar lama; verifikasi sebelum penggunaan resmi.
Rutan Kelas IIB Muntok,Rutan,Bangka Belitung,,,,,True,Provinsi bersumber dari daftar lama; verifikasi sebelum penggunaan resmi.
Lapas Kelas I Tangerang,Lapas,Banten,,,,,True,Provinsi bersumber dari daftar lama; verifikasi sebelum penggunaan resmi.
Lapas Kelas IIA Cilegon,Lapas,Banten,,,,,True,Provinsi bersumber dari daftar lama; verifikasi sebelum penggunaan resmi.
Lapas Kelas IIA Serang,Lapas,Banten,,,,,True,Provinsi bersumber dari daftar lama; verifikasi sebelum penggunaan resmi.
Lapas Kelas IIA Tangerang,Lapas,Banten,,,,,True,Provinsi bersumber dari daftar lama; verifikasi sebelum penggunaan resmi.
Lapas Kelas III Rangkasbitung,Lapas,Banten,,,,,True,Provinsi bersumber dari daftar lama; verifikasi sebelum penggunaan resmi.
Lapas Pemuda Kelas IIA Tangerang,Lapas,Banten,,,,,True,Provinsi bersumber dari daftar lama; verifikasi sebelum penggunaan resmi.
Lapas Perempuan Kelas IIA Tangerang,Lapas,Banten,,,,,True,Provinsi bersumber dari daftar lama; verifikasi sebelum penggunaan resmi.
Lapas Terbuka Kelas IIB Ciangir,Lapas,Banten,,,,,True,Provinsi bersumber dari daftar lama; verifikasi sebelum penggunaan resmi.
Rutan Kelas I Tangerang,Rutan,Banten,,,,,True,Provinsi bersumber dari daftar lama; verifikasi sebelum penggunaan resmi.
Rutan Kelas IIB Pandeglang,Rutan,Banten,,,,,True,Provinsi bersumber dari daftar lama; verifikasi sebelum penggunaan resmi.
Rutan Kelas IIB Serang,Rutan,Banten,,,,,True,Provinsi bersumber dari daftar lama; verifikasi sebelum penggunaan resmi.
Lapas Kelas IIA Bengkulu,Lapas,Bengkulu,,,,,True,Provinsi bersumber dari daftar lama; verifikasi sebelum penggunaan resmi.
Lapas Kelas IIA Curup,Lapas,Bengkulu,,,,,True,Provinsi bersumber dari daftar lama; verifikasi sebelum penggunaan resmi.
Lapas Kelas IIB Argamakmur,Lapas,Bengkulu,,,,,True,Provinsi bersumber dari daftar lama; verifikasi sebelum penggunaan resmi.
Lapas Perempuan Kelas IIB Bengkulu,Lapas,Bengkulu,,,,,True,Provinsi bersumber dari daftar lama; verifikasi sebelum penggunaan resmi.
Rutan Kelas IIB Bengkulu,Rutan,Bengkulu,,,,,True,Provinsi bersumber dari daftar lama; verifikasi sebelum penggunaan resmi.
Rutan Kelas IIB Manna,Rutan,Bengkulu,,,,,True,Provinsi bersumber dari daftar lama; verifikasi sebelum penggunaan resmi.
Lapas Kelas IIA Yogyakarta,Lapas,D.I. Yogyakarta,,,,,True,Provinsi bersumber dari daftar lama; verifikasi sebelum penggunaan resmi.
Lapas Kelas IIB Sleman,Lapas,D.I. Yogyakarta,,,,,True,Provinsi bersumber dari daftar lama; verifikasi sebelum penggunaan resmi.
Lapas Narkotika Kelas IIA Yogyakarta,Lapas,D.I. Yogyakarta,,,,,True,Provinsi bersumber dari daftar lama; verifikasi sebelum penggunaan resmi.
Lapas Perempuan Kelas IIB Yogyakarta,Lapas,D.I. Yogyakarta,,,,,True,Provinsi bersumber dari daftar lama; verifikasi sebelum penggunaan resmi.
Rutan Kelas IIA Yogyakarta,Rutan,D.I. Yogyakarta,,,,,True,Provinsi bersumber dari daftar lama; verifikasi sebelum penggunaan resmi.
Rutan Kelas IIB Bantul,Rutan,D.I. Yogyakarta,,,,,True,Provinsi bersumber dari daftar lama; verifikasi sebelum penggunaan resmi.
Rutan Kelas IIB Wates,Rutan,D.I. Yogyakarta,,,,,True,Provinsi bersumber dari daftar lama; verifikasi sebelum penggunaan resmi.
Rutan Kelas IIB Wonosari,Rutan,D.I. Yogyakarta,,,,,True,Provinsi bersumber dari daftar lama; verifikasi sebelum penggunaan resmi.
Lapas Kelas I Cipinang,Lapas,DKI Jakarta,,,,,True,Provinsi bersumber dari daftar lama; verifikasi sebelum penggunaan resmi.
Lapas Kelas IIA Salemba,Lapas,DKI Jakarta,,,,,True,Provinsi bersumber dari daftar lama; verifikasi sebelum penggunaan resmi.
Lapas Narkotika Kelas IIA Jakarta,Lapas,DKI Jakarta,,,,,True,Provinsi bersumber dari daftar lama; verifikasi sebelum penggunaan resmi.
Lapas Perempuan Kelas IIA Jakarta,Lapas,DKI Jakarta,,,,,True,Provinsi bersumber dari daftar lama; verifikasi sebelum penggunaan resmi.
Rutan Kelas I Cipinang,Rutan,DKI Jakarta,,,,,True,Provinsi bersumber dari daftar lama; verifikasi sebelum penggunaan resmi.
Rutan Kelas I Jakarta Pusat,Rutan,DKI Jakarta,,,,,True,Provinsi bersumber dari daftar lama; verifikasi sebelum penggunaan resmi.
Rutan Kelas I Pondok Bambu,Rutan,DKI Jakarta,,,,,True,Provinsi bersumber dari daftar lama; verifikasi sebelum penggunaan resmi.
Lapas Kelas IIA Gorontalo,Lapas,Gorontalo,,,,,True,Provinsi bersumber dari daftar lama; verifikasi sebelum penggunaan resmi.
Lapas Kelas IIB Boalemo,Lapas,Gorontalo,,,,,True,Provinsi bersumber dari daftar lama; verifikasi sebelum penggunaan resmi.
Lapas Kelas IIB Pahuwato,Lapas,Gorontalo,,,,,True,Provinsi bersumber dari daftar lama; verifikasi sebelum penggunaan resmi.
Lapas Perempuan Kelas III Gorontalo,Lapas,Gorontalo,,,,,True,Provinsi bersumber dari daftar lama; verifikasi sebelum penggunaan resmi.
Lapas Kelas IIA Jambi,Lapas,Jambi,,,,,True,Provinsi bersumber dari daftar lama; verifikasi sebelum penggunaan resmi.
Lapas Kelas IIB Bangko,Lapas,Jambi,,,,,True,Provinsi bersumber dari daftar lama; verifikasi sebelum penggunaan resmi.
Lapas Kelas IIB Kuala Tungkal,Lapas,Jambi,,,,,True,Provinsi bersumber dari daftar lama; verifikasi sebelum penggunaan resmi.
Lapas Kelas IIB Muara Bulian,Lapas,Jambi,,,,,True,Provinsi bersumber dari daftar lama; verifikasi sebelum penggunaan resmi.
Lapas Kelas IIB Muara Bungo,Lapas,Jambi,,,,,True,Provinsi bersumber dari daftar lama; verifikasi sebelum penggunaan resmi.
Lapas Kelas IIB Muara Tebo,Lapas,Jambi,,,,,True,Provinsi bersumber dari daftar lama; verifikasi sebelum penggunaan resmi.
Lapas Kelas IIB Sarolangun,Lapas,Jambi,,,,,True,Provinsi bersumber dari daftar lama; verifikasi sebelum penggunaan resmi.
Lapas Narkotika Kelas IIB Muara Sabak,Lapas,Jambi,,,,,True,Provinsi bersumber dari daftar lama; verifikasi sebelum penggunaan resmi.
Lapas Perempuan Kelas IIB Jambi,Lapas,Jambi,,,,,True,Provinsi bersumber dari daftar lama; verifikasi sebelum penggunaan resmi.
Rutan Kelas IIB Sungai Penuh,Rutan,Jambi,,,,,True,Provinsi bersumber dari daftar lama; verifikasi sebelum penggunaan resmi.
Lapas Kelas I Cirebon,Lapas,Jawa Barat,,,,,True,Provinsi bersumber dari daftar lama; verifikasi sebelum penggunaan resmi.
Lapas Kelas I Sukamiskin,Lapas,Jawa Barat,,,,,True,Provinsi bersumber dari daftar lama; verifikasi sebelum penggunaan resmi.
Lapas Kelas IIA Banceuy Bandung,Lapas,Jawa Barat,,,,,True,Provinsi bersumber dari daftar lama; verifikasi sebelum penggunaan resmi.
Lapas Kelas IIA Bekasi,Lapas,Jawa Barat,,,,,True,Provinsi bersumber dari daftar lama; verifikasi sebelum penggunaan resmi.
Lapas Kelas IIA Bogor,Lapas,Jawa Barat,,,,,True,Provinsi bersumber dari daftar lama; verifikasi sebelum penggunaan resmi.
Lapas Kelas IIA Cibinong,Lapas,Jawa Barat,,,,,True,Provinsi bersumber dari daftar lama; verifikasi sebelum penggunaan resmi.
Lapas Kelas IIA Cikarang,Lapas,Jawa Barat,,,,,True,Provinsi bersumber dari daftar lama; verifikasi sebelum penggunaan resmi.
Lapas Kelas IIA Karawang,Lapas,Jawa Barat,,,,,True,Provinsi bersumber dari daftar lama; verifikasi sebelum penggunaan resmi.
Lapas Kelas IIA Kuningan,Lapas,Jawa Barat,,,,,True,Provinsi bersumber dari daftar lama; verifikasi sebelum penggunaan resmi.
Lapas Kelas IIA Subang,Lapas,Jawa Barat,,,,,True,Provinsi bersumber dari daftar lama; verifikasi sebelum penggunaan resmi.
Lapas Kelas IIB Banjar,Lapas,Jawa Barat,,,,,True,Provinsi bersumber dari daftar lama; verifikasi sebelum penggunaan resmi.
Lapas Kelas IIB Ciamis,Lapas,Jawa Barat,,,,,True,Provinsi bersumber dari daftar lama; verifikasi sebelum penggunaan resmi.
Lapas Kelas IIB Cianjur,Lapas,Jawa Barat,,,,,True,Provinsi bersumber dari daftar lama; verifikasi sebelum penggunaan resmi.
Lapas Kelas IIB Garut,Lapas,Jawa Barat,,,,,True,Provinsi bersumber dari daftar lama; verifikasi sebelum penggunaan resmi.
Lapas Kelas IIB Indramayu,Lapas,Jawa Barat,,,,,True,Provinsi bersumber dari daftar lama; verifikasi sebelum penggunaan resmi.
Lapas Kelas IIB Majalengka,Lapas,Jawa Barat,,,,,True,Provinsi bersumber dari daftar lama; verifikasi sebelum penggunaan resmi.
Lapas Kelas IIB Purwakarta,Lapas,Jawa Barat,,,,,True,Provinsi bersumber dari daftar lama; verifikasi sebelum penggunaan resmi.
Lapas Kelas IIB Sukabumi,Lapas,Jawa Barat,,,,,True,Provinsi bersumber dari daftar lama; verifikasi sebelum penggunaan resmi.
Lapas Kelas IIB Sumedang,Lapas,Jawa Barat,,,,,True,Provinsi bersumber dari daftar lama; verifikasi sebelum penggunaan resmi.
Lapas Kelas IIB Tasikmalaya,Lapas,Jawa Barat,,,,,True,Provinsi bersumber dari daftar lama; verifikasi sebelum penggunaan resmi.
Lapas Kelas IIB Warung Kiara,Lapas,Jawa Barat,,,,,True,Provinsi bersumber dari daftar lama; verifikasi sebelum penggunaan resmi.
Lapas Khusus Kelas IIA Gunung Sindur,Lapas,Jawa Barat,,,,,True,Provinsi bersumber dari daftar lama; verifikasi sebelum penggunaan resmi.
Lapas Khusus Kelas IIB Sentul,Lapas,Jawa Barat,,,,,True,Provinsi bersumber dari daftar lama; verifikasi sebelum penggunaan resmi.
Lapas Narkotika Kelas IIA Bandung,Lapas,Jawa Barat,,,,,True,Provinsi bersumber dari daftar lama; verifikasi sebelum penggunaan resmi.
Lapas Narkotika Kelas IIA Cirebon,Lapas,Jawa Barat,,,,,True,Provinsi bersumber dari daftar lama; verifikasi sebelum penggunaan resmi.
Lapas Narkotika Kelas IIA Gunung Sindur,Lapas,Jawa Barat,,,,,True,Provinsi bersumber dari daftar lama; verifikasi sebelum penggunaan resmi.
Lapas Perempuan Kelas IIA Bandung,Lapas,Jawa Barat,,,,,True,Provinsi bersumber dari daftar lama; verifikasi sebelum penggunaan resmi.
Rutan Kelas I Bandung,Rutan,Jawa Barat,,,,,True,Provinsi bersumber dari daftar lama; verifikasi sebelum penggunaan resmi.
Rutan Kelas I Cirebon,Rutan,Jawa Barat,,,,,True,Provinsi bersumber dari daftar lama; verifikasi sebelum penggunaan resmi.
Rutan Kelas I Depok,Rutan,Jawa Barat,,,,,True,Provinsi bersumber dari daftar lama; verifikasi sebelum penggunaan resmi.
Rutan Kelas IIB Garut,Rutan,Jawa Barat,,,,,True,Provinsi bersumber dari daftar lama; verifikasi sebelum penggunaan resmi.
Rutan Perempuan Kelas IIA Bandung,Rutan,Jawa Barat,,,,,True,Provinsi bersumber dari daftar lama; verifikasi sebelum penggunaan resmi.
Lapas Kelas I Batu High Risk Narkotika Nusakambangan,Lapas,Jawa Tengah,,,,,True,Provinsi bersumber dari daftar lama; verifikasi sebelum penggunaan resmi.
Lapas Kelas I Semarang,Lapas,Jawa Tengah,,,,,True,Provinsi bersumber dari daftar lama; verifikasi sebelum penggunaan resmi.
Lapas Kelas IIA Ambarawa,Lapas,Jawa Tengah,,,,,True,Provinsi bersumber dari daftar lama; verifikasi sebelum penggunaan resmi.
Lapas Kelas IIA Besi Nusakambangan,Lapas,Jawa Tengah,,,,,True,Provinsi bersumber dari daftar lama; verifikasi sebelum penggunaan resmi.
Lapas Kelas IIA Kembang Kuning Nusakambangan,Lapas,Jawa Tengah,,,,,True,Provinsi bersumber dari daftar lama; verifikasi sebelum penggunaan resmi.
Lapas Kelas IIA Kendal,Lapas,Jawa Tengah,,,,,True,Provinsi bersumber dari daftar lama; verifikasi sebelum penggunaan resmi.
Lapas Kelas IIA Magelang,Lapas,Jawa Tengah,,,,,True,Provinsi bersumber dari daftar lama; verifikasi sebelum penggunaan resmi.
Lapas Kelas IIA Pasir Putih Nusakambangan,Lapas,Jawa Tengah,,,,,True,Provinsi bersumber dari daftar lama; verifikasi sebelum penggunaan resmi.
Lapas Kelas IIA Pekalongan,Lapas,Jawa Tengah,,,,,True,Provinsi bersumber dari daftar lama; verifikasi sebelum penggunaan resmi.
Lapas Kelas IIA Permisan Nusakambangan,Lapas,Jawa Tengah,,,,,True,Provinsi bersumber dari daftar lama; verifikasi sebelum penggunaan resmi.
Lapas Kelas IIA Purwokerto,Lapas,Jawa Tengah,,,,,True,Provinsi bersumber dari daftar lama; verifikasi sebelum penggunaan resmi.
Lapas Kelas IIA Sragen,Lapas,Jawa Tengah,,,,,True,Provinsi bersumber dari daftar lama; verifikasi sebelum penggunaan resmi.
Lapas Kelas IIB Brebes,Lapas,Jawa Tengah,,,,,True,Provinsi bersumber dari daftar lama; verifikasi sebelum penggunaan resmi.
Lapas Kelas IIB Cilacap,Lapas,Jawa Tengah,,,,,True,Provinsi bersumber dari daftar lama; verifikasi sebelum penggunaan resmi.
Lapas Kelas IIB Klaten,Lapas,Jawa Tengah,,,,,True,Provinsi bersumber dari daftar lama; verifikasi sebelum penggunaan resmi.
Lapas Kelas IIB Pati,Lapas,Jawa Tengah,,,,,True,Provinsi bersumber dari daftar lama; verifikasi sebelum penggunaan resmi.
Lapas Kelas IIB Slawi,Lapas,Jawa Tengah,,,,,True,Provinsi bersumber dari daftar lama; verifikasi sebelum penggunaan resmi.
Lapas Kelas IIB Tegal,Lapas,Jawa Tengah,,,,,True,Provinsi bersumber dari daftar lama; verifikasi sebelum penggunaan resmi.
Lapas Khusus Kelas IIA Karanganyar,Lapas,Jawa Tengah,,,,,True,Provinsi bersumber dari daftar lama; verifikasi sebelum penggunaan resmi.
Lapas Narkotika Kelas IIA Nusakambangan,Lapas,Jawa Tengah,,,,,True,Provinsi bersumber dari daftar lama; verifikasi sebelum penggunaan resmi.
Lapas Narkotika Kelas IIB Purwokerto,Lapas,Jawa Tengah,,,,,True,Provinsi bersumber dari daftar lama; verifikasi sebelum penggunaan resmi.
Lapas Pemuda Kelas IIB Plantungan,Lapas,Jawa Tengah,,,,,True,Provinsi bersumber dari daftar lama; verifikasi sebelum penggunaan resmi.
Lapas Perempuan Kelas IIA Semarang,Lapas,Jawa Tengah,,,,,True,Provinsi bersumber dari daftar lama; verifikasi sebelum penggunaan resmi.
Lapas Terbuka Kelas IIB Kendal,Lapas,Jawa Tengah,,,,,True,Provinsi bersumber dari daftar lama; verifikasi sebelum penggunaan resmi.
Lapas Terbuka Kelas IIB Nusakambangan,Lapas,Jawa Tengah,,,,,True,Provinsi bersumber dari daftar lama; verifikasi sebelum penggunaan resmi.
Rutan Kelas I Surakarta,Rutan,Jawa Tengah,,,,,True,Provinsi bersumber dari daftar lama; verifikasi sebelum penggunaan resmi.
Rutan Kelas IIA Pekalongan,Rutan,Jawa Tengah,,,,,True,Provinsi bersumber dari daftar lama; verifikasi sebelum penggunaan resmi.
Rutan Kelas IIB Banjarnegara,Rutan,Jawa Tengah,,,,,True,Provinsi bersumber dari daftar lama; verifikasi sebelum penggunaan resmi.
Rutan Kelas IIB Banyumas,Rutan,Jawa Tengah,,,,,True,Provinsi bersumber dari daftar lama; verifikasi sebelum penggunaan resmi.
Rutan Kelas IIB Batang,Rutan,Jawa Tengah,,,,,True,Provinsi bersumber dari daftar lama; verifikasi sebelum penggunaan resmi.
Rutan Kelas IIB Blora,Rutan,Jawa Tengah,,,,,True,Provinsi bersumber dari daftar lama; verifikasi sebelum penggunaan resmi.
Rutan Kelas IIB Boyolali,Rutan,Jawa Tengah,,,,,True,Provinsi bersumber dari daftar lama; verifikasi sebelum penggunaan resmi.
Rutan Kelas IIB Demak,Rutan,Jawa Tengah,,,,,True,Provinsi bersumber dari daftar lama; verifikasi sebelum penggunaan resmi.
Rutan Kelas IIB Jepara,Rutan,Jawa Tengah,,,,,True,Provinsi bersumber dari daftar lama; verifikasi sebelum penggunaan resmi.
Rutan Kelas IIB Kebumen,Rutan,Jawa Tengah,,,,,True,Provinsi bersumber dari daftar lama; verifikasi sebelum penggunaan resmi.
Rutan Kelas IIB Kudus,Rutan,Jawa Tengah,,,,,True,Provinsi bersumber dari daftar lama; verifikasi sebelum penggunaan resmi.
Rutan Kelas IIB Pemalang,Rutan,Jawa Tengah,,,,,True,Provinsi bersumber dari daftar lama; verifikasi sebelum penggunaan resmi.
Rutan Kelas IIB Purbalingga,Rutan,Jawa Tengah,,,,,True,Provinsi bersumber dari daftar lama; verifikasi sebelum penggunaan resmi.
Rutan Kelas IIB Purwodadi,Rutan,Jawa Tengah,,,,,True,Provinsi bersumber dari daftar lama; verifikasi sebelum penggunaan resmi.
Rutan Kelas IIB Purworejo,Rutan,Jawa Tengah,,,,,True,Provinsi bersumber dari daftar lama; verifikasi sebelum penggunaan resmi.
Rutan Kelas IIB Rembang,Rutan,Jawa Tengah,,,,,True,Provinsi bersumber dari daftar lama; verifikasi sebelum penggunaan resmi.
Rutan Kelas IIB Salatiga,Rutan,Jawa Tengah,,,,,True,Provinsi bersumber dari daftar lama; verifikasi sebelum penggunaan resmi.
Rutan Kelas IIB Temanggung,Rutan,Jawa Tengah,,,,,True,Provinsi bersumber dari daftar lama; verifikasi sebelum penggunaan resmi.
Rutan Kelas IIB Wonogiri,Rutan,Jawa Tengah,,,,,True,Provinsi bersumber dari daftar lama; verifikasi sebelum penggunaan resmi.
Rutan Kelas IIB Wonosobo,Rutan,Jawa Tengah,,,,,True,Provinsi bersumber dari daftar lama; verifikasi sebelum penggunaan resmi.
Lapas Kelas I Madiun,Lapas,Jawa Timur,,,,,True,Provinsi bersumber dari daftar lama; verifikasi sebelum penggunaan resmi.
Lapas Kelas I Malang,Lapas,Jawa Timur,,,,,True,Provinsi bersumber dari daftar lama; verifikasi sebelum penggunaan resmi.
Lapas Kelas I Surabaya,Lapas,Jawa Timur,,,,,True,Provinsi bersumber dari daftar lama; verifikasi sebelum penggunaan resmi.
Lapas Kelas IIA Banyuwangi,Lapas,Jawa Timur,,,,,True,Provinsi bersumber dari daftar lama; verifikasi sebelum penggunaan resmi.
Lapas Kelas IIA Bojonegoro,Lapas,Jawa Timur,,,,,True,Provinsi bersumber dari daftar lama; verifikasi sebelum penggunaan resmi.
Lapas Kelas IIA Jember,Lapas,Jawa Timur,,,,,True,Provinsi bersumber dari daftar lama; verifikasi sebelum penggunaan resmi.
Lapas Kelas IIA Kediri,Lapas,Jawa Timur,,,,,True,Provinsi bersumber dari daftar lama; verifikasi sebelum penggunaan resmi.
Lapas Kelas IIA Pamekasan,Lapas,Jawa Timur,,,,,True,Provinsi bersumber dari daftar lama; verifikasi sebelum penggunaan resmi.
Lapas Kelas IIA Sidoarjo,Lapas,Jawa Timur,,,,,True,Provinsi bersumber dari daftar lama; verifikasi sebelum penggunaan resmi.
Lapas Kelas IIB Blitar,Lapas,Jawa Timur,,,,,True,Provinsi bersumber dari daftar lama; verifikasi sebelum penggunaan resmi.
Lapas Kelas IIB Bondowoso,Lapas,Jawa Timur,,,,,True,Provinsi bersumber dari daftar lama; verifikasi sebelum penggunaan resmi.
Lapas Kelas IIB Jombang,Lapas,Jawa Timur,,,,,True,Provinsi bersumber dari daftar lama; verifikasi sebelum penggunaan resmi.
Lapas Kelas IIB Lamongan,Lapas,Jawa Timur,,,,,True,Provinsi bersumber dari daftar lama; verifikasi sebelum penggunaan resmi.
Lapas Kelas IIB Lumajang,Lapas,Jawa Timur,,,,,True,Provinsi bersumber dari daftar lama; verifikasi sebelum penggunaan resmi.
Lapas Kelas IIB Mojokerto,Lapas,Jawa Timur,,,,,True,Provinsi bersumber dari daftar lama; verifikasi sebelum penggunaan resmi.
Lapas Kelas IIB Ngawi,Lapas,Jawa Timur,,,,,True,Provinsi bersumber dari daftar lama; verifikasi sebelum penggunaan resmi.
Lapas Kelas IIB Pasuruan,Lapas,Jawa Timur,,,,,True,Provinsi bersumber dari daftar lama; verifikasi sebelum penggunaan resmi.
Lapas Kelas IIB Probolinggo,Lapas,Jawa Timur,,,,,True,Provinsi bersumber dari daftar lama; verifikasi sebelum penggunaan resmi.
Lapas Kelas IIB Tuban,Lapas,Jawa Timur,,,,,True,Provinsi bersumber dari daftar lama; verifikasi sebelum penggunaan resmi.
Lapas Kelas IIB Tulungagung,Lapas,Jawa Timur,,,,,True,Provinsi bersumber dari daftar lama; verifikasi sebelum penggunaan resmi.
Lapas Kelas III Arjasa,Lapas,Jawa Timur,,,,,True,Provinsi bersumber dari daftar lama; verifikasi sebelum penggunaan resmi.
Lapas Narkotika Kelas IIA Pamekasan,Lapas,Jawa Timur,,,,,True,Provinsi bersumber dari daftar lama; verifikasi sebelum penggunaan resmi.
Lapas Pemuda Kelas IIA Madiun,Lapas,Jawa Timur,,,,,True,Provinsi bersumber dari daftar lama; verifikasi sebelum penggunaan resmi.
Lapas Perempuan Kelas IIA Malang,Lapas,Jawa Timur,,,,,True,Provinsi bersumber dari daftar lama; verifikasi sebelum penggunaan resmi.
Rutan Kelas I Surabaya,Rutan,Jawa Timur,,,,,True,Provinsi bersumber dari daftar lama; verifikasi sebelum penggunaan resmi.
Rutan Kelas IIB Bangil,Rutan,Jawa Timur,,,,,True,Provinsi bersumber dari daftar lama; verifikasi sebelum penggunaan resmi.
Rutan Kelas IIB Bangkalan,Rutan,Jawa Timur,,,,,True,Provinsi bersumber dari daftar lama; verifikasi sebelum penggunaan resmi.
Rutan Kelas IIB Gresik,Rutan,Jawa Timur,,,,,True,Provinsi bersumber dari daftar lama; verifikasi sebelum penggunaan resmi.
Rutan Kelas IIB Kraksaan,Rutan,Jawa Timur,,,,,True,Provinsi bersumber dari daftar lama; verifikasi sebelum penggunaan resmi.
Rutan Kelas IIB Magetan,Rutan,Jawa Timur,,,,,True,Provinsi bersumber dari daftar lama; verifikasi sebelum penggunaan resmi.
Rutan Kelas IIB Nganjuk,Rutan,Jawa Timur,,,,,True,Provinsi bersumber dari daftar lama; verifikasi sebelum penggunaan resmi.
Rutan Kelas IIB Pacitan,Rutan,Jawa Timur,,,,,True,Provinsi bersumber dari daftar lama; verifikasi sebelum penggunaan resmi.
Rutan Kelas IIB Ponorogo,Rutan,Jawa Timur,,,,,True,Provinsi bersumber dari daftar lama; verifikasi sebelum penggunaan resmi.
Rutan Kelas IIB Sampang,Rutan,Jawa Timur,,,,,True,Provinsi bersumber dari daftar lama; verifikasi sebelum penggunaan resmi.
Rutan Kelas IIB Situbondo,Rutan,Jawa Timur,,,,,True,Provinsi bersumber dari daftar lama; verifikasi sebelum penggunaan resmi.
Rutan Kelas IIB Sumenep,Rutan,Jawa Timur,,,,,True,Provinsi bersumber dari daftar lama; verifikasi sebelum penggunaan resmi.
Rutan Kelas IIB Trenggalek,Rutan,Jawa Timur,,,,,True,Provinsi bersumber dari daftar lama; verifikasi sebelum penggunaan resmi.
Rutan Perempuan Kelas IIA Surabaya,Rutan,Jawa Timur,,,,,True,Provinsi bersumber dari daftar lama; verifikasi sebelum penggunaan resmi.
Lapas Kelas IIA Pontianak,Lapas,Kalimantan Barat,,,,,True,Provinsi bersumber dari daftar lama; verifikasi sebelum penggunaan resmi.
Lapas Kelas IIB Ketapang,Lapas,Kalimantan Barat,,,,,True,Provinsi bersumber dari daftar lama; verifikasi sebelum penggunaan resmi.
Lapas Kelas IIB Singkawang,Lapas,Kalimantan Barat,,,,,True,Provinsi bersumber dari daftar lama; verifikasi sebelum penggunaan resmi.
Lapas Kelas IIB Sintang,Lapas,Kalimantan Barat,,,,,True,Provinsi bersumber dari daftar lama; verifikasi sebelum penggunaan resmi.
Lapas Perempuan Kelas IIA Pontianak,Lapas,Kalimantan Barat,,,,,True,Provinsi bersumber dari daftar lama; verifikasi sebelum penggunaan resmi.
Rutan Kelas IIA Pontianak,Rutan,Kalimantan Barat,,,,,True,Provinsi bersumber dari daftar lama; verifikasi sebelum penggunaan resmi.
Rutan Kelas IIB Bengkayang,Rutan,Kalimantan Barat,,,,,True,Provinsi bersumber dari daftar lama; verifikasi sebelum penggunaan resmi.
Rutan Kelas IIB Landak,Rutan,Kalimantan Barat,,,,,True,Provinsi bersumber dari daftar lama; verifikasi sebelum penggunaan resmi.
Rutan Kelas IIB Mempawah,Rutan,Kalimantan Barat,,,,,True,Provinsi bersumber dari daftar lama; verifikasi sebelum penggunaan resmi.
Rutan Kelas IIB Putussibau,Rutan,Kalimantan Barat,,,,,True,Provinsi bersumber dari daftar lama; verifikasi sebelum penggunaan resmi.
Rutan Kelas IIB Sambas,Rutan,Kalimantan Barat,,,,,True,Provinsi bersumber dari daftar lama; verifikasi sebelum penggunaan resmi.
Rutan Kelas IIB Sanggau,Rutan,Kalimantan Barat,,,,,True,Provinsi bersumber dari daftar lama; verifikasi sebelum penggunaan resmi.
Lapas Kelas IIA Banjarmasin,Lapas,Kalimantan Selatan,,,,,True,Provinsi bersumber dari daftar lama; verifikasi sebelum penggunaan resmi.
Lapas Kelas IIA Kotabaru,Lapas,Kalimantan Selatan,,,,,True,Provinsi bersumber dari daftar lama; verifikasi sebelum penggunaan resmi.
Lapas Kelas IIB Amuntai,Lapas,Kalimantan Selatan,,,,,True,Provinsi bersumber dari daftar lama; verifikasi sebelum penggunaan resmi.
Lapas Kelas IIB Banjar Baru,Lapas,Kalimantan Selatan,,,,,True,Provinsi bersumber dari daftar lama; verifikasi sebelum penggunaan resmi.
Lapas Kelas IIB Tanjung,Lapas,Kalimantan Selatan,,,,,True,Provinsi bersumber dari daftar lama; verifikasi sebelum penggunaan resmi.
Lapas Narkotika Kelas IIA Karang Intan,Lapas,Kalimantan Selatan,,,,,True,Provinsi bersumber dari daftar lama; verifikasi sebelum penggunaan resmi.
Lapas Perempuan Kelas IIA Martapura,Lapas,Kalimantan Selatan,,,,,True,Provinsi bersumber dari daftar lama; verifikasi sebelum penggunaan resmi.
Rutan Kelas IIB Barabai,Rutan,Kalimantan Selatan,,,,,True,Provinsi bersumber dari daftar lama; verifikasi sebelum penggunaan resmi.
Rutan Kelas IIB Kandangan,Rutan,Kalimantan Selatan,,,,,True,Provinsi bersumber dari daftar lama; verifikasi sebelum penggunaan resmi.
Rutan Kelas IIB Marabahan,Rutan,Kalimantan Selatan,,,,,True,Provinsi bersumber dari daftar lama; verifikasi sebelum penggunaan resmi.
Rutan Kelas IIB Pelaihari,Rutan,Kalimantan Selatan,,,,,True,Provinsi bersumber dari daftar lama; verifikasi sebelum penggunaan resmi.
Rutan Kelas IIB Rantau,Rutan,Kalimantan Selatan,,,,,True,Provinsi bersumber dari daftar lama; verifikasi sebelum penggunaan resmi.
Rutan Kelas IIB Tanjung,Rutan,Kalimantan Selatan,,,,,True,Provinsi bersumber dari daftar lama; verifikasi sebelum penggunaan resmi.
Lapas Kelas IIA Palangkaraya,Lapas,Kalimantan Tengah,,,,,True,Provinsi bersumber dari daftar lama; verifikasi sebelum penggunaan resmi.
Lapas Kelas IIB Muara Teweh,Lapas,Kalimantan Tengah,,,,,True,Provinsi bersumber dari daftar lama; verifikasi sebelum penggunaan resmi.
Lapas Kelas IIB Pangkalan Bun,Lapas,Kalimantan Tengah,,,,,True,Provinsi bersumber dari daftar lama; verifikasi sebelum penggunaan resmi.
Lapas Kelas IIB Sampit,Lapas,Kalimantan Tengah,,,,,True,Provinsi bersumber dari daftar lama; verifikasi sebelum penggunaan resmi.
Lapas Kelas III Sukamara,Lapas,Kalimantan Tengah,,,,,True,Provinsi bersumber dari daftar lama; verifikasi sebelum penggunaan resmi.
Lapas Narkotika Kelas IIA Kasongan,Lapas,Kalimantan Tengah,,,,,True,Provinsi bersumber dari daftar lama; verifikasi sebelum penggunaan resmi.
Lapas Perempuan Kelas IIA Palangkaraya,Lapas,Kalimantan Tengah,,,,,True,Provinsi bersumber dari daftar lama; verifikasi sebelum penggunaan resmi.
Rutan Kelas IIA Palangkaraya,Rutan,Kalimantan Tengah,,,,,True,Provinsi bersumber dari daftar lama; verifikasi sebelum penggunaan resmi.
Rutan Kelas IIB Buntok,Rutan,Kalimantan Tengah,,,,,True,Provinsi bersumber dari daftar lama; verifikasi sebelum penggunaan resmi.
Rutan Kelas IIB Kuala Kapuas,Rutan,Kalimantan Tengah,,,,,True,Provinsi bersumber dari daftar lama; verifikasi sebelum penggunaan resmi.
Rutan Kelas IIB Tamiang Layang,Rutan,Kalimantan Tengah,,,,,True,Provinsi bersumber dari daftar lama; verifikasi sebelum penggunaan resmi.
Lapas Kelas IIA Balikpapan,Lapas,Kalimantan Timur,,,,,True,Provinsi bersumber dari daftar lama; verifikasi sebelum penggunaan resmi.
Lapas Kelas IIA Bontang,Lapas,Kalimantan Timur,,,,,True,Provinsi bersumber dari daftar lama; verifikasi sebelum penggunaan resmi.
Lapas Kelas IIA Samarinda,Lapas,Kalimantan Timur,,,,,True,Provinsi bersumber dari daftar lama; verifikasi sebelum penggunaan resmi.
Lapas Kelas IIA Tarakan,Lapas,Kalimantan Timur,,,,,True,Provinsi bersumber dari daftar lama; verifikasi sebelum penggunaan resmi.
Lapas Kelas IIA Tenggarong,Lapas,Kalimantan Timur,,,,,True,Provinsi bersumber dari daftar lama; verifikasi sebelum penggunaan resmi.
Lapas Kelas IIB Nunukan,Lapas,Kalimantan Timur,,,,,True,Provinsi bersumber dari daftar lama; verifikasi sebelum penggunaan resmi.
Lapas Narkotika Kelas IIA Samarinda,Lapas,Kalimantan Timur,,,,,True,Provinsi bersumber dari daftar lama; verifikasi sebelum penggunaan resmi.
Lapas Perempuan Kelas IIA Samarinda,Lapas,Kalimantan Timur,,,,,True,Provinsi bersumber dari daftar lama; verifikasi sebelum penggunaan resmi.
Rutan Kelas IIA Samarinda,Rutan,Kalimantan Timur,,,,,True,Provinsi bersumber dari daftar lama; verifikasi sebelum penggunaan resmi.
Rutan Kelas IIB Balikpapan,Rutan,Kalimantan Timur,,,,,True,Provinsi bersumber dari daftar lama; verifikasi sebelum penggunaan resmi.
Rutan Kelas IIB Tanah Grogot,Rutan,Kalimantan Timur,,,,,True,Provinsi bersumber dari daftar lama; verifikasi sebelum penggunaan resmi.
Rutan Kelas IIB Tanjung Redeb,Rutan,Kalimantan Timur,,,,,True,Provinsi bersumber dari daftar lama; verifikasi sebelum penggunaan resmi.
Lapas Kelas IIA Batam,Lapas,Kepulauan Riau,,,,,True,Provinsi bersumber dari daftar lama; verifikasi sebelum penggunaan resmi.
Lapas Kelas IIA Tanjung Pinang,Lapas,Kepulauan Riau,,,,,True,Provinsi bersumber dari daftar lama; verifikasi sebelum penggunaan resmi.
Lapas Kelas III Dabo Singkep,Lapas,Kepulauan Riau,,,,,True,Provinsi bersumber dari daftar lama; verifikasi sebelum penggunaan resmi.
Lapas Narkotika Kelas IIA Tanjung Pinang,Lapas,Kepulauan Riau,,,,,True,Provinsi bersumber dari daftar lama; verifikasi sebelum penggunaan resmi.
Lapas Perempuan Kelas IIB Batam,Lapas,Kepulauan Riau,,,,,True,Provinsi bersumber dari daftar lama; verifikasi sebelum penggunaan resmi.
Rutan Kelas I Tanjung Pinang,Rutan,Kepulauan Riau,,,,,True,Provinsi bersumber dari daftar lama; verifikasi sebelum penggunaan resmi.
Rutan Kelas IIA Batam,Rutan,Kepulauan Riau,,,,,True,Provinsi bersumber dari daftar lama; verifikasi sebelum penggunaan resmi.
Rutan Kelas IIB Tanjung Balai Karimun,Rutan,Kepulauan Riau,,,,,True,Provinsi bersumber dari daftar lama; verifikasi sebelum penggunaan resmi.
Lapas Kelas I Bandar Lampung,Lapas,Lampung,,,,,True,Provinsi bersumber dari daftar lama; verifikasi sebelum penggunaan resmi.
Lapas Kelas IIA Kalianda,Lapas,Lampung,,,,,True,Provinsi bersumber dari daftar lama; verifikasi sebelum penggunaan resmi.
Lapas Kelas IIA Kotabumi,Lapas,Lampung,,,,,True,Provinsi bersumber dari daftar lama; verifikasi sebelum penggunaan resmi.
Lapas Kelas IIA Metro,Lapas,Lampung,,,,,True,Provinsi bersumber dari daftar lama; verifikasi sebelum penggunaan resmi.
Lapas Kelas IIB Gunung Sugih,Lapas,Lampung,,,,,True,Provinsi bersumber dari daftar lama; verifikasi sebelum penggunaan resmi.
Lapas Kelas IIB Kota Agung,Lapas,Lampung,,,,,True,Provinsi bersumber dari daftar lama; verifikasi sebelum penggunaan resmi.
Lapas Kelas IIB Waykanan,Lapas,Lampung,,,,,True,Provinsi bersumber dari daftar lama; verifikasi sebelum penggunaan resmi.
Lapas Narkotika Kelas IIA Bandar Lampung,Lapas,Lampung,,,,,True,Provinsi bersumber dari daftar lama; verifikasi sebelum penggunaan resmi.
Lapas Perempuan Kelas IIA Bandar Lampung,Lapas,Lampung,,,,,True,Provinsi bersumber dari daftar lama; verifikasi sebelum penggunaan resmi.
Rutan Kelas I Bandar Lampung,Rutan,Lampung,,,,,True,Provinsi bersumber dari daftar lama; verifikasi sebelum penggunaan resmi.
Rutan Kelas IIB Kota Agung,Rutan,Lampung,,,,,True,Provinsi bersumber dari daftar lama; verifikasi sebelum penggunaan resmi.
Rutan Kelas IIB Kotabumi,Rutan,Lampung,,,,,True,Provinsi bersumber dari daftar lama; verifikasi sebelum penggunaan resmi.
Rutan Kelas IIB Krui,Rutan,Lampung,,,,,True,Provinsi bersumber dari daftar lama; verifikasi sebelum penggunaan resmi.
Rutan Kelas IIB Menggala,Rutan,Lampung,,,,,True,Provinsi bersumber dari daftar lama; verifikasi sebelum penggunaan resmi.
Rutan Kelas IIB Sukadana,Rutan,Lampung,,,,,True,Provinsi bersumber dari daftar lama; verifikasi sebelum penggunaan resmi.
Lapas Kelas IIA Ambon,Lapas,Maluku,,,,,True,Provinsi bersumber dari daftar lama; verifikasi sebelum penggunaan resmi.
Lapas Kelas IIB Piru,Lapas,Maluku,,,,,True,Provinsi bersumber dari daftar lama; verifikasi sebelum penggunaan resmi.
Lapas Kelas IIB Tual,Lapas,Maluku,,,,,True,Provinsi bersumber dari daftar lama; verifikasi sebelum penggunaan resmi.
Lapas Kelas III Bandanaira,Lapas,Maluku,,,,,True,Provinsi bersumber dari daftar lama; verifikasi sebelum penggunaan resmi.
Lapas Kelas III Dobo,Lapas,Maluku,,,,,True,Provinsi bersumber dari daftar lama; verifikasi sebelum penggunaan resmi.
Lapas Kelas III Geser,Lapas,Maluku,,,,,True,Provinsi bersumber dari daftar lama; verifikasi sebelum penggunaan resmi.
Lapas Kelas III Namlea,Lapas,Maluku,,,,,True,Provinsi bersumber dari daftar lama; verifikasi sebelum penggunaan resmi.
Lapas Kelas III Saparua,Lapas,Maluku,,,,,True,Provinsi bersumber dari daftar lama; verifikasi sebelum penggunaan resmi.
Lapas Kelas III Saumlaki,Lapas,Maluku,,,,,True,Provinsi bersumber dari daftar lama; verifikasi sebelum penggunaan resmi.
Lapas Kelas III Wahai,Lapas,Maluku,,,,,True,Provinsi bersumber dari daftar lama; verifikasi sebelum penggunaan resmi.
Lapas Kelas III Wonreli,Lapas,Maluku,,,,,True,Provinsi bersumber dari daftar lama; verifikasi sebelum penggunaan resmi.
Lapas Perempuan Kelas III Ambon,Lapas,Maluku,,,,,True,Provinsi bersumber dari daftar lama; verifikasi sebelum penggunaan resmi.
Rutan Kelas IIA Ambon,Rutan,Maluku,,,,,True,Provinsi bersumber dari daftar lama; verifikasi sebelum penggunaan resmi.
Rutan Kelas IIB Masohi,Rutan,Maluku,,,,,True,Provinsi bersumber dari daftar lama; verifikasi sebelum penggunaan resmi.
Lapas Kelas IIA Ternate,Lapas,Maluku Utara,,,,,True,Provinsi bersumber dari daftar lama; verifikasi sebelum penggunaan resmi.
Lapas Kelas IIB Jailolo,Lapas,Maluku Utara,,,,,True,Provinsi bersumber dari daftar lama; verifikasi sebelum penggunaan resmi.
Lapas Kelas IIB Sanana,Lapas,Maluku Utara,,,,,True,Provinsi bersumber dari daftar lama; verifikasi sebelum penggunaan resmi.
Lapas Kelas IIB Tobello,Lapas,Maluku Utara,,,,,True,Provinsi bersumber dari daftar lama; verifikasi sebelum penggunaan resmi.
Lapas Kelas III Labuha,Lapas,Maluku Utara,,,,,True,Provinsi bersumber dari daftar lama; verifikasi sebelum penggunaan resmi.
Lapas Perempuan Kelas III Ternate,Lapas,Maluku Utara,,,,,True,Provinsi bersumber dari daftar lama; verifikasi sebelum penggunaan resmi.
Rutan Kelas IIB Soa Siu,Rutan,Maluku Utara,,,,,True,Provinsi bersumber dari daftar lama; verifikasi sebelum penggunaan resmi.
Rutan Kelas IIB Ternate,Rutan,Maluku Utara,,,,,True,Provinsi bersumber dari daftar lama; verifikasi sebelum penggunaan resmi.
Rutan Kelas IIB Weda,Rutan,Maluku Utara,,,,,True,Provinsi bersumber dari daftar lama; verifikasi sebelum penggunaan resmi.
Lapas Kelas IIA Mataram,Lapas,Nusa Tenggara Barat,,,,,True,Provinsi bersumber dari daftar lama; verifikasi sebelum penggunaan resmi.
Lapas Kelas IIA Sumbawa Besar,Lapas,Nusa Tenggara Barat,,,,,True,Provinsi bersumber dari daftar lama; verifikasi sebelum penggunaan resmi.
Lapas Kelas IIB Dompu,Lapas,Nusa Tenggara Barat,,,,,True,Provinsi bersumber dari daftar lama; verifikasi sebelum penggunaan resmi.
Lapas Kelas IIB Selong,Lapas,Nusa Tenggara Barat,,,,,True,Provinsi bersumber dari daftar lama; verifikasi sebelum penggunaan resmi.
Lapas Perempuan Kelas III Mataram,Lapas,Nusa Tenggara Barat,,,,,True,Provinsi bersumber dari daftar lama; verifikasi sebelum penggunaan resmi.
Lapas Terbuka Kelas IIB Lombok Tengah,Lapas,Nusa Tenggara Barat,,,,,True,Provinsi bersumber dari daftar lama; verifikasi sebelum penggunaan resmi.
Rutan Kelas IIB Praya,Rutan,Nusa Tenggara Barat,,,,,True,Provinsi bersumber dari daftar lama; verifikasi sebelum penggunaan resmi.
Rutan Kelas IIB Raba Bima,Rutan,Nusa Tenggara Barat,,,,,True,Provinsi bersumber dari daftar lama; verifikasi sebelum penggunaan resmi.
Lapas Kelas IIA Kupang,Lapas,Nusa Tenggara Timur,,,,,True,Provinsi bersumber dari daftar lama; verifikasi sebelum penggunaan resmi.
Lapas Kelas IIA Waingapu,Lapas,Nusa Tenggara Timur,,,,,True,Provinsi bersumber dari daftar lama; verifikasi sebelum penggunaan resmi.
Lapas Kelas IIB Atambua,Lapas,Nusa Tenggara Timur,,,,,True,Provinsi bersumber dari daftar lama; verifikasi sebelum penggunaan resmi.
Lapas Kelas IIB Ende,Lapas,Nusa Tenggara Timur,,,,,True,Provinsi bersumber dari daftar lama; verifikasi sebelum penggunaan resmi.
Lapas Kelas IIB Kalabahi,Lapas,Nusa Tenggara Timur,,,,,True,Provinsi bersumber dari daftar lama; verifikasi sebelum penggunaan resmi.
Lapas Kelas IIB Waikabubak,Lapas,Nusa Tenggara Timur,,,,,True,Provinsi bersumber dari daftar lama; verifikasi sebelum penggunaan resmi.
Lapas Kelas III Baa,Lapas,Nusa Tenggara Timur,,,,,True,Provinsi bersumber dari daftar lama; verifikasi sebelum penggunaan resmi.
Lapas Kelas III Lembata,Lapas,Nusa Tenggara Timur,,,,,True,Provinsi bersumber dari daftar lama; verifikasi sebelum penggunaan resmi.
Lapas Perempuan Kelas IIB Kupang,Lapas,Nusa Tenggara Timur,,,,,True,Provinsi bersumber dari daftar lama; verifikasi sebelum penggunaan resmi.
Lapas Terbuka Kelas IIB Waikabubak,Lapas,Nusa Tenggara Timur,,,,,True,Provinsi bersumber dari daftar lama; verifikasi sebelum penggunaan resmi.
Rutan Kelas IIB Bajawa,Rutan,Nusa Tenggara Timur,,,,,True,Provinsi bersumber dari daftar lama; verifikasi sebelum penggunaan resmi.
Rutan Kelas IIB Kefamenanu,Rutan,Nusa Tenggara Timur,,,,,True,Provinsi bersumber dari daftar lama; verifikasi sebelum penggunaan resmi.
Rutan Kelas IIB Kupang,Rutan,Nusa Tenggara Timur,,,,,True,Provinsi bersumber dari daftar lama; verifikasi sebelum penggunaan resmi.
Rutan Kelas IIB Larantuka,Rutan,Nusa Tenggara Timur,,,,,True,Provinsi bersumber dari daftar lama; verifikasi sebelum penggunaan resmi.
Rutan Kelas IIB Maumere,Rutan,Nusa Tenggara Timur,,,,,True,Provinsi bersumber dari daftar lama; verifikasi sebelum penggunaan resmi.
Rutan Kelas IIB Ruteng,Rutan,Nusa Tenggara Timur,,,,,True,Provinsi bersumber dari daftar lama; verifikasi sebelum penggunaan resmi.
Rutan Kelas IIB Soe,Rutan,Nusa Tenggara Timur,,,,,True,Provinsi bersumber dari daftar lama; verifikasi sebelum penggunaan resmi.
Lapas Kelas IIA Abepura,Lapas,Papua,,,,,True,Provinsi bersumber dari daftar lama; verifikasi sebelum penggunaan resmi.
Lapas Kelas IIB Biak,Lapas,Papua,,,,,True,Provinsi bersumber dari daftar lama; verifikasi sebelum penggunaan resmi.
Lapas Kelas IIB Merauke,Lapas,Papua,,,,,True,Provinsi bersumber dari daftar lama; verifikasi sebelum penggunaan resmi.
Lapas Kelas IIB Nabire,Lapas,Papua,,,,,True,Provinsi bersumber dari daftar lama; verifikasi sebelum penggunaan resmi.
Lapas Kelas IIB Serui,Lapas,Papua,,,,,True,Provinsi bersumber dari daftar lama; verifikasi sebelum penggunaan resmi.
Lapas Kelas IIB Timika,Lapas,Papua,,,,,True,Provinsi bersumber dari daftar lama; verifikasi sebelum penggunaan resmi.
Lapas Kelas IIB Wamena,Lapas,Papua,,,,,True,Provinsi bersumber dari daftar lama; verifikasi sebelum penggunaan resmi.
Lapas Kelas III Tanah Merah,Lapas,Papua,,,,,True,Provinsi bersumber dari daftar lama; verifikasi sebelum penggunaan resmi.
Lapas Narkotika Kelas IIA Jayapura,Lapas,Papua,,,,,True,Provinsi bersumber dari daftar lama; verifikasi sebelum penggunaan resmi.
Lapas Perempuan Kelas III Jayapura,Lapas,Papua,,,,,True,Provinsi bersumber dari daftar lama; verifikasi sebelum penggunaan resmi.
Lapas Kelas IIB Fakfak,Lapas,Papua Barat,,,,,True,Provinsi bersumber dari daftar lama; verifikasi sebelum penggunaan resmi.
Lapas Kelas IIB Manokwari,Lapas,Papua Barat,,,,,True,Provinsi bersumber dari daftar lama; verifikasi sebelum penggunaan resmi.
Lapas Kelas IIB Sorong,Lapas,Papua Barat,,,,,True,Provinsi bersumber dari daftar lama; verifikasi sebelum penggunaan resmi.
Lapas Kelas III Kaimana,Lapas,Papua Barat,,,,,True,Provinsi bersumber dari daftar lama; verifikasi sebelum penggunaan resmi.
Lapas Kelas III Teminabuhan,Lapas,Papua Barat,,,,,True,Provinsi bersumber dari daftar lama; verifikasi sebelum penggunaan resmi.
Lapas Perempuan Kelas III Manokwari,Lapas,Papua Barat,,,,,True,Provinsi bersumber dari daftar lama; verifikasi sebelum penggunaan resmi.
Rutan Kelas IIB Bintuni,Rutan,Papua Barat,,,,,True,Provinsi bersumber dari daftar lama; verifikasi sebelum penggunaan resmi.
Lapas Kelas IIA Bagan Siapi-Api,Lapas,Riau,,,,,True,Provinsi bersumber dari daftar lama; verifikasi sebelum penggunaan resmi.
Lapas Kelas IIA Bangkinang,Lapas,Riau,,,,,True,Provinsi bersumber dari daftar lama; verifikasi sebelum penggunaan resmi.
Lapas Kelas IIA Bengkalis,Lapas,Riau,,,,,True,Provinsi bersumber dari daftar lama; verifikasi sebelum penggunaan resmi.
Lapas Kelas IIA Pekanbaru,Lapas,Riau,,,,,True,Provinsi bersumber dari daftar lama; verifikasi sebelum penggunaan resmi.
Lapas Kelas IIA Tembilahan,Lapas,Riau,,,,,True,Provinsi bersumber dari daftar lama; verifikasi sebelum penggunaan resmi.
Lapas Kelas IIB Pasir Pangarayan,Lapas,Riau,,,,,True,Provinsi bersumber dari daftar lama; verifikasi sebelum penggunaan resmi.
Lapas Kelas IIB Selat Panjang,Lapas,Riau,,,,,True,Provinsi bersumber dari daftar lama; verifikasi sebelum penggunaan resmi.
Lapas Kelas IIB Teluk Kuantan,Lapas,Riau,,,,,True,Provinsi bersumber dari daftar lama; verifikasi sebelum penggunaan resmi.
Lapas Narkotika Kelas IIB Rumbai,Lapas,Riau,,,,,True,Provinsi bersumber dari daftar lama; verifikasi sebelum penggunaan resmi.
Lapas Perempuan Kelas IIA Pekanbaru,Lapas,Riau,,,,,True,Provinsi bersumber dari daftar lama; verifikasi sebelum penggunaan resmi.
Lapas Terbuka Kelas III Rumbai,Lapas,Riau,,,,,True,Provinsi bersumber dari daftar lama; verifikasi sebelum penggunaan resmi.
Rutan Kelas I Pekanbaru,Rutan,Riau,,,,,True,Provinsi bersumber dari daftar lama; verifikasi sebelum penggunaan resmi.
Rutan Kelas IIB Dumai,Rutan,Riau,,,,,True,Provinsi bersumber dari daftar lama; verifikasi sebelum penggunaan resmi.
Rutan Kelas IIB Rengat,Rutan,Riau,,,,,True,Provinsi bersumber dari daftar lama; verifikasi sebelum penggunaan resmi.
Rutan Kelas IIB Siak Sri Indrapura,Rutan,Riau,,,,,True,Provinsi bersumber dari daftar lama; verifikasi sebelum penggunaan resmi.
Lapas Kelas IIB Polewali,Lapas,Sulawesi Barat,,,,,True,Provinsi bersumber dari daftar lama; verifikasi sebelum penggunaan resmi.
Lapas Kelas III Mamasa,Lapas,Sulawesi Barat,,,,,True,Provinsi bersumber dari daftar lama; verifikasi sebelum penggunaan resmi.
Lapas Perempuan Kelas III Mamuju,Lapas,Sulawesi Barat,,,,,True,Provinsi bersumber dari daftar lama; verifikasi sebelum penggunaan resmi.
Rutan Kelas IIB Majene,Rutan,Sulawesi Barat,,,,,True,Provinsi bersumber dari daftar lama; verifikasi sebelum penggunaan resmi.
Rutan Kelas IIB Mamuju,Rutan,Sulawesi Barat,,,,,True,Provinsi bersumber dari daftar lama; verifikasi sebelum penggunaan resmi.
Rutan Kelas IIB Pasangkayu,Rutan,Sulawesi Barat,,,,,True,Provinsi bersumber dari daftar lama; verifikasi sebelum penggunaan resmi.
Lapas Kelas I Makassar,Lapas,Sulawesi Selatan,,,,,True,Provinsi bersumber dari daftar lama; verifikasi sebelum penggunaan resmi.
Lapas Kelas IIA Bulukumba,Lapas,Sulawesi Selatan,,,,,True,Provinsi bersumber dari daftar lama; verifikasi sebelum penggunaan resmi.
Lapas Kelas IIA Palopo,Lapas,Sulawesi Selatan,,,,,True,Provinsi bersumber dari daftar lama; verifikasi sebelum penggunaan resmi.
Lapas Kelas IIA Pare-Pare,Lapas,Sulawesi Selatan,,,,,True,Provinsi bersumber dari daftar lama; verifikasi sebelum penggunaan resmi.
Lapas Kelas IIA Watampone,Lapas,Sulawesi Selatan,,,,,True,Provinsi bersumber dari daftar lama; verifikasi sebelum penggunaan resmi.
Lapas Kelas IIB Takalar,Lapas,Sulawesi Selatan,,,,,True,Provinsi bersumber dari daftar lama; verifikasi sebelum penggunaan resmi.
Lapas Narkotika Kelas IIA Sungguminasa,Lapas,Sulawesi Selatan,,,,,True,Provinsi bersumber dari daftar lama; verifikasi sebelum penggunaan resmi.
Lapas Perempuan Kelas IIA Sungguminasa,Lapas,Sulawesi Selatan,,,,,True,Provinsi bersumber dari daftar lama; verifikasi sebelum penggunaan resmi.
Rutan Kelas I Makassar,Rutan,Sulawesi Selatan,,,,,True,Provinsi bersumber dari daftar lama; verifikasi sebelum penggunaan resmi.
Rutan Kelas IIB Bantaeng,Rutan,Sulawesi Selatan,,,,,True,Provinsi bersumber dari daftar lama; verifikasi sebelum penggunaan resmi.
Rutan Kelas IIB Barru,Rutan,Sulawesi Selatan,,,,,True,Provinsi bersumber dari daftar lama; verifikasi sebelum penggunaan resmi.
Rutan Kelas IIB Enrekang,Rutan,Sulawesi Selatan,,,,,True,Provinsi bersumber dari daftar lama; verifikasi sebelum penggunaan resmi.
Rutan Kelas IIB Jeneponto,Rutan,Sulawesi Selatan,,,,,True,Provinsi bersumber dari daftar lama; verifikasi sebelum penggunaan resmi.
Rutan Kelas IIB Makale,Rutan,Sulawesi Selatan,,,,,True,Provinsi bersumber dari daftar lama; verifikasi sebelum penggunaan resmi.
Rutan Kelas IIB Malino,Rutan,Sulawesi Selatan,,,,,True,Provinsi bersumber dari daftar lama; verifikasi sebelum penggunaan resmi.
Rutan Kelas IIB Masamba,Rutan,Sulawesi Selatan,,,,,True,Provinsi bersumber dari daftar lama; verifikasi sebelum penggunaan resmi.
Rutan Kelas IIB Pangkajene,Rutan,Sulawesi Selatan,,,,,True,Provinsi bersumber dari daftar lama; verifikasi sebelum penggunaan resmi.
Rutan Kelas IIB Pinrang,Rutan,Sulawesi Selatan,,,,,True,Provinsi bersumber dari daftar lama; verifikasi sebelum penggunaan resmi.
Rutan Kelas IIB Selayar,Rutan,Sulawesi Selatan,,,,,True,Provinsi bersumber dari daftar lama; verifikasi sebelum penggunaan resmi.
Rutan Kelas IIB Sengkang,Rutan,Sulawesi Selatan,,,,,True,Provinsi bersumber dari daftar lama; verifikasi sebelum penggunaan resmi.
Rutan Kelas IIB Sidenreng Rapang,Rutan,Sulawesi Selatan,,,,,True,Provinsi bersumber dari daftar lama; verifikasi sebelum penggunaan resmi.
Rutan Kelas IIB Sinjai,Rutan,Sulawesi Selatan,,,,,True,Provinsi bersumber dari daftar lama; verifikasi sebelum penggunaan resmi.
Rutan Kelas IIB Watansoppeng,Rutan,Sulawesi Selatan,,,,,True,Provinsi bersumber dari daftar lama; verifikasi sebelum penggunaan resmi.
Lapas Kelas IIA Palu,Lapas,Sulawesi Tengah,,,,,True,Provinsi bersumber dari daftar lama; verifikasi sebelum penggunaan resmi.
Lapas Kelas IIB Ampana,Lapas,Sulawesi Tengah,,,,,True,Provinsi bersumber dari daftar lama; verifikasi sebelum penggunaan resmi.
Lapas Kelas IIB Luwuk,Lapas,Sulawesi Tengah,,,,,True,Provinsi bersumber dari daftar lama; verifikasi sebelum penggunaan resmi.
Lapas Kelas IIB Toli-Toli,Lapas,Sulawesi Tengah,,,,,True,Provinsi bersumber dari daftar lama; verifikasi sebelum penggunaan resmi.
Lapas Kelas III Kolonedale,Lapas,Sulawesi Tengah,,,,,True,Provinsi bersumber dari daftar lama; verifikasi sebelum penggunaan resmi.
Lapas Kelas III Leok,Lapas,Sulawesi Tengah,,,,,True,Provinsi bersumber dari daftar lama; verifikasi sebelum penggunaan resmi.
Lapas Kelas III Parigi,Lapas,Sulawesi Tengah,,,,,True,Provinsi bersumber dari daftar lama; verifikasi sebelum penggunaan resmi.
Lapas Perempuan Kelas III Palu,Lapas,Sulawesi Tengah,,,,,True,Provinsi bersumber dari daftar lama; verifikasi sebelum penggunaan resmi.
Rutan Kelas IIA Palu,Rutan,Sulawesi Tengah,,,,,True,Provinsi bersumber dari daftar lama; verifikasi sebelum penggunaan resmi.
Rutan Kelas IIB Donggala,Rutan,Sulawesi Tengah,,,,,True,Provinsi bersumber dari daftar lama; verifikasi sebelum penggunaan resmi.
Rutan Kelas IIB Poso,Rutan,Sulawesi Tengah,,,,,True,Provinsi bersumber dari daftar lama; verifikasi sebelum penggunaan resmi.
Lapas Kelas IIA Baubau,Lapas,Sulawesi Tenggara,,,,,True,Provinsi bersumber dari daftar lama; verifikasi sebelum penggunaan resmi.
Lapas Kelas IIA Kendari,Lapas,Sulawesi Tenggara,,,,,True,Provinsi bersumber dari daftar lama; verifikasi sebelum penggunaan resmi.
Lapas Perempuan Kelas III Kendari,Lapas,Sulawesi Tenggara,,,,,True,Provinsi bersumber dari daftar lama; verifikasi sebelum penggunaan resmi.
Rutan Kelas IIA Kendari,Rutan,Sulawesi Tenggara,,,,,True,Provinsi bersumber dari daftar lama; verifikasi sebelum penggunaan resmi.
Rutan Kelas IIB Kolaka,Rutan,Sulawesi Tenggara,,,,,True,Provinsi bersumber dari daftar lama; verifikasi sebelum penggunaan resmi.
Rutan Kelas IIB Raha,Rutan,Sulawesi Tenggara,,,,,True,Provinsi bersumber dari daftar lama; verifikasi sebelum penggunaan resmi.
Rutan Kelas IIB Unaaha,Rutan,Sulawesi Tenggara,,,,,True,Provinsi bersumber dari daftar lama; verifikasi sebelum penggunaan resmi.
Lapas Kelas IIA Manado,Lapas,Sulawesi Utara,,,,,True,Provinsi bersumber dari daftar lama; verifikasi sebelum penggunaan resmi.
Lapas Kelas IIB Bitung,Lapas,Sulawesi Utara,,,,,True,Provinsi bersumber dari daftar lama; verifikasi sebelum penggunaan resmi.
Lapas Kelas IIB Tahuna,Lapas,Sulawesi Utara,,,,,True,Provinsi bersumber dari daftar lama; verifikasi sebelum penggunaan resmi.
Lapas Kelas IIB Tondano,Lapas,Sulawesi Utara,,,,,True,Provinsi bersumber dari daftar lama; verifikasi sebelum penggunaan resmi.
Lapas Kelas IIB Ulu Siau,Lapas,Sulawesi Utara,,,,,True,Provinsi bersumber dari daftar lama; verifikasi sebelum penggunaan resmi.
Lapas Kelas III Amurang,Lapas,Sulawesi Utara,,,,,True,Provinsi bersumber dari daftar lama; verifikasi sebelum penggunaan resmi.
Lapas Kelas III Enemawira,Lapas,Sulawesi Utara,,,,,True,Provinsi bersumber dari daftar lama; verifikasi sebelum penggunaan resmi.
Lapas Kelas III Lirung,Lapas,Sulawesi Utara,,,,,True,Provinsi bersumber dari daftar lama; verifikasi sebelum penggunaan resmi.
Lapas Kelas III Tagulandang,Lapas,Sulawesi Utara,,,,,True,Provinsi bersumber dari daftar lama; verifikasi sebelum penggunaan resmi.
Lapas Kelas III Tamako,Lapas,Sulawesi Utara,,,,,True,Provinsi bersumber dari daftar lama; verifikasi sebelum penggunaan resmi.
Lapas Perempuan Kelas IIB Manado,Lapas,Sulawesi Utara,,,,,True,Provinsi bersumber dari daftar lama; verifikasi sebelum penggunaan resmi.
Rutan Kelas IIA Manado,Rutan,Sulawesi Utara,,,,,True,Provinsi bersumber dari daftar lama; verifikasi sebelum penggunaan resmi.
Rutan Kelas IIB Kotamobagu,Rutan,Sulawesi Utara,,,,,True,Provinsi bersumber dari daftar lama; verifikasi sebelum penggunaan resmi.
Lapas Kelas IIA Bukittinggi,Lapas,Sumatera Barat,,,,,True,Provinsi bersumber dari daftar lama; verifikasi sebelum penggunaan resmi.
Lapas Kelas IIA Padang,Lapas,Sumatera Barat,,,,,True,Provinsi bersumber dari daftar lama; verifikasi sebelum penggunaan resmi.
Lapas Kelas IIB Lubuk Basung,Lapas,Sumatera Barat,,,,,True,Provinsi bersumber dari daftar lama; verifikasi sebelum penggunaan resmi.
Lapas Kelas IIB Muara Sijunjung,Lapas,Sumatera Barat,,,,,True,Provinsi bersumber dari daftar lama; verifikasi sebelum penggunaan resmi.
Lapas Kelas IIB Pariaman,Lapas,Sumatera Barat,,,,,True,Provinsi bersumber dari daftar lama; verifikasi sebelum penggunaan resmi.
Lapas Kelas IIB Payakumbuh,Lapas,Sumatera Barat,,,,,True,Provinsi bersumber dari daftar lama; verifikasi sebelum penggunaan resmi.
Lapas Kelas IIB Solok,Lapas,Sumatera Barat,,,,,True,Provinsi bersumber dari daftar lama; verifikasi sebelum penggunaan resmi.
Lapas Kelas III Alahan Panjang,Lapas,Sumatera Barat,,,,,True,Provinsi bersumber dari daftar lama; verifikasi sebelum penggunaan resmi.
Lapas Kelas III Dharmasraya,Lapas,Sumatera Barat,,,,,True,Provinsi bersumber dari daftar lama; verifikasi sebelum penggunaan resmi.
Lapas Kelas III Suliki,Lapas,Sumatera Barat,,,,,True,Provinsi bersumber dari daftar lama; verifikasi sebelum penggunaan resmi.
Lapas Kelas III Talu,Lapas,Sumatera Barat,,,,,True,Provinsi bersumber dari daftar lama; verifikasi sebelum penggunaan resmi.
Lapas Narkotika Kelas III Sawahlunto,Lapas,Sumatera Barat,,,,,True,Provinsi bersumber dari daftar lama; verifikasi sebelum penggunaan resmi.
Lapas Perempuan Kelas IIB Padang,Lapas,Sumatera Barat,,,,,True,Provinsi bersumber dari daftar lama; verifikasi sebelum penggunaan resmi.
Lapas Terbuka Kelas IIB Pasaman,Lapas,Sumatera Barat,,,,,True,Provinsi bersumber dari daftar lama; verifikasi sebelum penggunaan resmi.
Rutan Kelas IIB Batusangkar,Rutan,Sumatera Barat,,,,,True,Provinsi bersumber dari daftar lama; verifikasi sebelum penggunaan resmi.
Rutan Kelas IIB Lubuk Sikaping,Rutan,Sumatera Barat,,,,,True,Provinsi bersumber dari daftar lama; verifikasi sebelum penggunaan resmi.
Rutan Kelas IIB Maninjau,Rutan,Sumatera Barat,,,,,True,Provinsi bersumber dari daftar lama; verifikasi sebelum penggunaan resmi.
Rutan Kelas IIB Muara Labuh,Rutan,Sumatera Barat,,,,,True,Provinsi bersumber dari daftar lama; verifikasi sebelum penggunaan resmi.
Rutan Kelas IIB Padang,Rutan,Sumatera Barat,,,,,True,Provinsi bersumber dari daftar lama; verifikasi sebelum penggunaan resmi.
Rutan Kelas IIB Padang Panjang,Rutan,Sumatera Barat,,,,,True,Provinsi bersumber dari daftar lama; verifikasi sebelum penggunaan resmi.
Rutan Kelas IIB Painan,Rutan,Sumatera Barat,,,,,True,Provinsi bersumber dari daftar lama; verifikasi sebelum penggunaan resmi.
Rutan Kelas IIB Sawahlunto,Rutan,Sumatera Barat,,,,,True,Provinsi bersumber dari daftar lama; verifikasi sebelum penggunaan resmi.
Lapas Kelas I Palembang,Lapas,Sumatera Selatan,,,,,True,Provinsi bersumber dari daftar lama; verifikasi sebelum penggunaan resmi.
Lapas Kelas IIA Banyuasin,Lapas,Sumatera Selatan,,,,,True,Provinsi bersumber dari daftar lama; verifikasi sebelum penggunaan resmi.
Lapas Kelas IIA Lahat,Lapas,Sumatera Selatan,,,,,True,Provinsi bersumber dari daftar lama; verifikasi sebelum penggunaan resmi.
Lapas Kelas IIA Lubuk Linggau,Lapas,Sumatera Selatan,,,,,True,Provinsi bersumber dari daftar lama; verifikasi sebelum penggunaan resmi.
Lapas Kelas IIA Tanjung Raja,Lapas,Sumatera Selatan,,,,,True,Provinsi bersumber dari daftar lama; verifikasi sebelum penggunaan resmi.
Lapas Kelas IIB Empat Lawang,Lapas,Sumatera Selatan,,,,,True,Provinsi bersumber dari daftar lama; verifikasi sebelum penggunaan resmi.
Lapas Kelas IIB Kayu Agung,Lapas,Sumatera Selatan,,,,,True,Provinsi bersumber dari daftar lama; verifikasi sebelum penggunaan resmi.
Lapas Kelas IIB Martapura,Lapas,Sumatera Selatan,,,,,True,Provinsi bersumber dari daftar lama; verifikasi sebelum penggunaan resmi.
Lapas Kelas IIB Muara Dua,Lapas,Sumatera Selatan,,,,,True,Provinsi bersumber dari daftar lama; verifikasi sebelum penggunaan resmi.
Lapas Kelas IIB Muara Enim,Lapas,Sumatera Selatan,,,,,True,Provinsi bersumber dari daftar lama; verifikasi sebelum penggunaan resmi.
Lapas Kelas IIB Sekayu,Lapas,Sumatera Selatan,,,,,True,Provinsi bersumber dari daftar lama; verifikasi sebelum penggunaan resmi.
Lapas Kelas III Pagar Alam,Lapas,Sumatera Selatan,,,,,True,Provinsi bersumber dari daftar lama; verifikasi sebelum penggunaan resmi.
Lapas Kelas III Sarolangun Rawas,Lapas,Sumatera Selatan,,,,,True,Provinsi bersumber dari daftar lama; verifikasi sebelum penggunaan resmi.
Lapas Narkotika Kelas IIA Muara Beliti,Lapas,Sumatera Selatan,,,,,True,Provinsi bersumber dari daftar lama; verifikasi sebelum penggunaan resmi.
Lapas Narkotika Kelas IIB Banyuasin,Lapas,Sumatera Selatan,,,,,True,Provinsi bersumber dari daftar lama; verifikasi sebelum penggunaan resmi.
Lapas Perempuan Kelas IIA Palembang,Lapas,Sumatera Selatan,,,,,True,Provinsi bersumber dari daftar lama; verifikasi sebelum penggunaan resmi.
Rutan Kelas I Palembang,Rutan,Sumatera Selatan,,,,,True,Provinsi bersumber dari daftar lama; verifikasi sebelum penggunaan resmi.
Rutan Kelas IIB Baturaja,Rutan,Sumatera Selatan,,,,,True,Provinsi bersumber dari daftar lama; verifikasi sebelum penggunaan resmi.
Rutan Kelas IIB Prabumulih,Rutan,Sumatera Selatan,,,,,True,Provinsi bersumber dari daftar lama; verifikasi sebelum penggunaan resmi.
Lapas Kelas I Medan,Lapas,Sumatera Utara,,,,,True,Provinsi bersumber dari daftar lama; verifikasi sebelum penggunaan resmi.
Lapas Kelas IIA Binjai,Lapas,Sumatera Utara,,,,,True,Provinsi bersumber dari daftar lama; verifikasi sebelum penggunaan resmi.
Lapas Kelas IIA Labuhan Ruku,Lapas,Sumatera Utara,,,,,True,Provinsi bersumber dari daftar lama; verifikasi sebelum penggunaan resmi.
Lapas Kelas IIA Pancur Batu,Lapas,Sumatera Utara,,,,,True,Provinsi bersumber dari daftar lama; verifikasi sebelum penggunaan resmi.
Lapas Kelas IIA Pematang Siantar,Lapas,Sumatera Utara,,,,,True,Provinsi bersumber dari daftar lama; verifikasi sebelum penggunaan resmi.
Lapas Kelas IIA Rantau Prapat,Lapas,Sumatera Utara,,,,,True,Provinsi bersumber dari daftar lama; verifikasi sebelum penggunaan resmi.
Lapas Kelas IIA Sibolga,Lapas,Sumatera Utara,,,,,True,Provinsi bersumber dari daftar lama; verifikasi sebelum penggunaan resmi.
Lapas Kelas IIB Gunung Sitoli,Lapas,Sumatera Utara,,,,,True,Provinsi bersumber dari daftar lama; verifikasi sebelum penggunaan resmi.
Lapas Kelas IIB Lubuk Pakam,Lapas,Sumatera Utara,,,,,True,Provinsi bersumber dari daftar lama; verifikasi sebelum penggunaan resmi.
Lapas Kelas IIB Padang Sidempuan,Lapas,Sumatera Utara,,,,,True,Provinsi bersumber dari daftar lama; verifikasi sebelum penggunaan resmi.
Lapas Kelas IIB Panyabungan,Lapas,Sumatera Utara,,,,,True,Provinsi bersumber dari daftar lama; verifikasi sebelum penggunaan resmi.
Lapas Kelas IIB Siborong-Borong,Lapas,Sumatera Utara,,,,,True,Provinsi bersumber dari daftar lama; verifikasi sebelum penggunaan resmi.
Lapas Kelas IIB Tanjung Balai Asahan,Lapas,Sumatera Utara,,,,,True,Provinsi bersumber dari daftar lama; verifikasi sebelum penggunaan resmi.
Lapas Kelas IIB Tebing Tinggi Deli,Lapas,Sumatera Utara,,,,,True,Provinsi bersumber dari daftar lama; verifikasi sebelum penggunaan resmi.
Lapas Kelas III Barus,Lapas,Sumatera Utara,,,,,True,Provinsi bersumber dari daftar lama; verifikasi sebelum penggunaan resmi.
Lapas Kelas III Gunung Tua,Lapas,Sumatera Utara,,,,,True,Provinsi bersumber dari daftar lama; verifikasi sebelum penggunaan resmi.
Lapas Kelas III Kota Pinang,Lapas,Sumatera Utara,,,,,True,Provinsi bersumber dari daftar lama; verifikasi sebelum penggunaan resmi.
Lapas Kelas III Kotanopan,Lapas,Sumatera Utara,,,,,True,Provinsi bersumber dari daftar lama; verifikasi sebelum penggunaan resmi.
Lapas Kelas III Labuhan Bilik,Lapas,Sumatera Utara,,,,,True,Provinsi bersumber dari daftar lama; verifikasi sebelum penggunaan resmi.
Lapas Kelas III Pangururan,Lapas,Sumatera Utara,,,,,True,Provinsi bersumber dari daftar lama; verifikasi sebelum penggunaan resmi.
Lapas Kelas III Teluk Dalam,Lapas,Sumatera Utara,,,,,True,Provinsi bersumber dari daftar lama; verifikasi sebelum penggunaan resmi.
Lapas Narkotika Kelas IIA Langkat,Lapas,Sumatera Utara,,,,,True,Provinsi bersumber dari daftar lama; verifikasi sebelum penggunaan resmi.
Lapas Narkotika Kelas IIA Pematang Siantar,Lapas,Sumatera Utara,,,,,True,Provinsi bersumber dari daftar lama; verifikasi sebelum penggunaan resmi.
Lapas Pemuda Kelas III Langkat,Lapas,Sumatera Utara,,,,,True,Provinsi bersumber dari daftar lama; verifikasi sebelum penggunaan resmi.
Lapas Perempuan Kelas IIA Medan,Lapas,Sumatera Utara,,,,,True,Provinsi bersumber dari daftar lama; verifikasi sebelum penggunaan resmi.
Rutan Kelas I Labuhan Deli,Rutan,Sumatera Utara,,,,,True,Provinsi bersumber dari daftar lama; verifikasi sebelum penggunaan resmi.
Rutan Kelas I Medan,Rutan,Sumatera Utara,,,,,True,Provinsi bersumber dari daftar lama; verifikasi sebelum penggunaan resmi.
Rutan Kelas IIB Balige,Rutan,Sumatera Utara,,,,,True,Provinsi bersumber dari daftar lama; verifikasi sebelum penggunaan resmi.
Rutan Kelas IIB Humbang Hasundutan,Rutan,Sumatera Utara,,,,,True,Provinsi bersumber dari daftar lama; verifikasi sebelum penggunaan resmi.
Rutan Kelas IIB Kabanjahe,Rutan,Sumatera Utara,,,,,True,Provinsi bersumber dari daftar lama; verifikasi sebelum penggunaan resmi.
Rutan Kelas IIB Natal,Rutan,Sumatera Utara,,,,,True,Provinsi bersumber dari daftar lama; verifikasi sebelum penggunaan resmi.
Rutan Kelas IIB Pangkalan Brandan,Rutan,Sumatera Utara,,,,,True,Provinsi bersumber dari daftar lama; verifikasi sebelum penggunaan resmi.
Rutan Kelas IIB Sibuhuan,Rutan,Sumatera Utara,,,,,True,Provinsi bersumber dari daftar lama; verifikasi sebelum penggunaan resmi.
Rutan Kelas IIB Sidikalang,Rutan,Sumatera Utara,,,,,True,Provinsi bersumber dari daftar lama; verifikasi sebelum penggunaan resmi.
Rutan Kelas IIB Sipirok,Rutan,Sumatera Utara,,,,,True,Provinsi bersumber dari daftar lama; verifikasi sebelum penggunaan resmi.
Rutan Kelas IIB Tanjung Pura,Rutan,Sumatera Utara,,,,,True,Provinsi bersumber dari daftar lama; verifikasi sebelum penggunaan resmi.
Rutan Kelas IIB Tarutung,Rutan,Sumatera Utara,,,,,True,Provinsi bersumber dari daftar lama; verifikasi sebelum penggunaan resmi.
Rutan Perempuan Kelas IIA Medan,Rutan,Sumatera Utara,,,,,True,Provinsi bersumber dari daftar lama; verifikasi sebelum penggunaan resmi.
